Datetime,Water Level (m)
2026-04-20 12:00:00,0.74372184
2026-04-20 13:00:00,0.4648526
2026-04-20 14:00:00,0.2535738
2026-04-20 15:00:00,0.08274828
2026-04-20 16:00:00,-0.08208688
2026-04-20 17:00:00,-0.23091675
2026-04-20 18:00:00,-0.33548895
2026-04-20 19:00:00,-0.18056867
2026-04-20 20:00:00,0.20874152
2026-04-20 21:00:00,0.45118538
2026-04-20 22:00:00,0.59042066
2026-04-20 23:00:00,0.6349935
2026-04-21 00:00:00,0.5059696
2026-04-21 01:00:00,0.25841483
2026-04-21 02:00:00,0.08099049
2026-04-21 03:00:00,-0.062465943
2026-04-21 04:00:00,-0.21148439
2026-04-21 05:00:00,-0.34661838
2026-04-21 06:00:00,-0.4534526
2026-04-21 07:00:00,-0.22970676
2026-04-21 08:00:00,0.20873584
2026-04-21 09:00:00,0.49521604
2026-04-21 10:00:00,0.71282876
2026-04-21 11:00:00,0.8723635
2026-04-21 12:00:00,0.8978788
2026-04-21 13:00:00,0.72757465
2026-04-21 14:00:00,0.48325607
2026-04-21 15:00:00,0.29917353
2026-04-21 16:00:00,0.1277452
2026-04-21 17:00:00,-0.03755906
2026-04-21 18:00:00,-0.1810635
2026-04-21 19:00:00,-0.271195
2026-04-21 20:00:00,-0.055439796
2026-04-21 21:00:00,0.24631445
2026-04-21 22:00:00,0.41372946
2026-04-21 23:00:00,0.49265283
2026-04-22 00:00:00,0.4850768
2026-04-22 01:00:00,0.31151846
2026-04-22 02:00:00,0.11601337
2026-04-22 03:00:00,-0.024758855
2026-04-22 04:00:00,-0.15273038
2026-04-22 05:00:00,-0.28314155
2026-04-22 06:00:00,-0.39141124
2026-04-22 07:00:00,-0.43923396
2026-04-22 08:00:00,-0.11042592
2026-04-22 09:00:00,0.23663822
2026-04-22 10:00:00,0.4730501
2026-04-22 11:00:00,0.65864915
2026-04-22 12:00:00,0.77512085
2026-04-22 13:00:00,0.7558733
2026-04-22 14:00:00,0.5889529
2026-04-22 15:00:00,0.39487153
2026-04-22 16:00:00,0.24324681
2026-04-22 17:00:00,0.09673994
2026-04-22 18:00:00,-0.043026634
2026-04-22 19:00:00,-0.15982111
2026-04-22 20:00:00,-0.21143533
2026-04-22 21:00:00,0.0008127912
2026-04-22 22:00:00,0.22375505
2026-04-22 23:00:00,0.3290737
2026-04-23 00:00:00,0.36168593
2026-04-23 01:00:00,0.31982133
2026-04-23 02:00:00,0.1614321
2026-04-23 03:00:00,0.018883828
2026-04-23 04:00:00,-0.08667668
2026-04-23 05:00:00,-0.18468615
2026-04-23 06:00:00,-0.2868761
2026-04-23 07:00:00,-0.36052424
2026-04-23 08:00:00,-0.3369013
2026-04-23 09:00:00,-0.0050811996
2026-04-23 10:00:00,0.24179974
2026-04-23 11:00:00,0.4222391
2026-04-23 12:00:00,0.56642586
2026-04-23 13:00:00,0.6505699
2026-04-23 14:00:00,0.63350725
2026-04-23 15:00:00,0.51100117
2026-04-23 16:00:00,0.3458534
2026-04-23 17:00:00,0.20397675
2026-04-23 18:00:00,0.06535306
2026-04-23 19:00:00,-0.06857208
2026-04-23 20:00:00,-0.17897938
2026-04-23 21:00:00,-0.23648375
2026-04-23 22:00:00,-0.14184839
2026-04-23 23:00:00,0.022893418
2026-04-24 00:00:00,0.1247851
2026-04-24 01:00:00,0.17571826
2026-04-24 02:00:00,0.1811314
2026-04-24 03:00:00,0.1063148
2026-04-24 04:00:00,-0.009213755
2026-04-24 05:00:00,-0.104166076
2026-04-24 06:00:00,-0.18560658
2026-04-24 07:00:00,-0.26365447
2026-04-24 08:00:00,-0.31767368
2026-04-24 09:00:00,-0.26184505
2026-04-24 10:00:00,0.0034693764
2026-04-24 11:00:00,0.19772631
2026-04-24 12:00:00,0.3330018
2026-04-24 13:00:00,0.44055587
2026-04-24 14:00:00,0.51479197
2026-04-24 15:00:00,0.52452034
2026-04-24 16:00:00,0.44550905
2026-04-24 17:00:00,0.28821167
2026-04-24 18:00:00,0.14598915
2026-04-24 19:00:00,0.024457537
2026-04-24 20:00:00,-0.09296174
2026-04-24 21:00:00,-0.20110725
2026-04-24 22:00:00,-0.28711745
2026-04-24 23:00:00,-0.30019394
2026-04-25 00:00:00,-0.1519886
2026-04-25 01:00:00,0.0023278857
2026-04-25 02:00:00,0.09856533
2026-04-25 03:00:00,0.16394804
2026-04-25 04:00:00,0.18523653
2026-04-25 05:00:00,0.12764636
2026-04-25 06:00:00,0.018084519
2026-04-25 07:00:00,-0.08118279
2026-04-25 08:00:00,-0.15908441
2026-04-25 09:00:00,-0.2244546
2026-04-25 10:00:00,-0.2447429
2026-04-25 11:00:00,-0.10887653
2026-04-25 12:00:00,0.127836
2026-04-25 13:00:00,0.26257876
2026-04-25 14:00:00,0.3606812
2026-04-25 15:00:00,0.44271326
2026-04-25 16:00:00,0.48239422
2026-04-25 17:00:00,0.4464708
2026-04-25 18:00:00,0.32926324
2026-04-25 19:00:00,0.17077202
2026-04-25 20:00:00,0.03813845
2026-04-25 21:00:00,-0.081736155
2026-04-25 22:00:00,-0.19328631
2026-04-25 23:00:00,-0.284833
2026-04-26 00:00:00,-0.32420602
2026-04-26 01:00:00,-0.16181399
2026-04-26 02:00:00,0.046379257
2026-04-26 03:00:00,0.18249072
2026-04-26 04:00:00,0.2905114
2026-04-26 05:00:00,0.36112443
2026-04-26 06:00:00,0.35097036
2026-04-26 07:00:00,0.24593307
2026-04-26 08:00:00,0.11535262
2026-04-26 09:00:00,0.013723041
2026-04-26 10:00:00,-0.07677522
2026-04-26 11:00:00,-0.14376473
2026-04-26 12:00:00,-0.12051548
